创建分享状态,分享文件上一级目录名称,分享名,分享地址,提取码,分享时间
成功,../随堂笔记,7月19日加课-增长率为负的假设分配法-随堂笔记.pdf,"我用夸克网盘分享了「7月19日加课-增长率为负的假设分配法-随堂笔记.pdf」，点击链接即可保存。打开「夸克APP」在线查看，支持多种文档格式转换。
链接：https://pan.quark.cn/s/95c7c11240aa",,2026-03-11 10:52
成功,../随堂笔记,【四海】25下半年-资料分析第八讲随堂笔记.pdf,"我用夸克网盘分享了「【四海】25下半年-资料分析第八讲随堂笔记.pdf」，点击链接即可保存。打开「夸克APP」在线查看，支持多种文档格式转换。
链接：https://pan.quark.cn/s/980d19b640c2",,2026-03-11 10:52
成功,../随堂笔记,【四海】25下半年-资料分析第二讲随堂笔记.pdf,"我用夸克网盘分享了「【四海】25下半年-资料分析第二讲随堂笔记.pdf」，点击链接即可保存。打开「夸克APP」在线查看，支持多种文档格式转换。
链接：https://pan.quark.cn/s/ee2362ae1b37",,2026-03-11 10:52
成功,../随堂笔记,【四海】25下半年-资料分析第九讲随堂笔记.pdf,"我用夸克网盘分享了「【四海】25下半年-资料分析第九讲随堂笔记.pdf」，点击链接即可保存。打开「夸克APP」在线查看，支持多种文档格式转换。
链接：https://pan.quark.cn/s/78cf16a85aba",,2026-03-11 10:52
成功,../随堂笔记,【四海】25下半年-资料分析第六讲随堂笔记.pdf,"我用夸克网盘分享了「【四海】25下半年-资料分析第六讲随堂笔记.pdf」，点击链接即可保存。打开「夸克APP」在线查看，支持多种文档格式转换。
链接：https://pan.quark.cn/s/7e7b990548ba",,2026-03-11 10:52
成功,../随堂笔记,【四海】25下半年-资料分析第七讲随堂笔记.pdf,"我用夸克网盘分享了「【四海】25下半年-资料分析第七讲随堂笔记.pdf」，点击链接即可保存。打开「夸克APP」在线查看，支持多种文档格式转换。
链接：https://pan.quark.cn/s/bb62ddece2e1",,2026-03-11 10:52
成功,../随堂笔记,【四海】25下半年-资料分析第十讲随堂笔记.pdf,"我用夸克网盘分享了「【四海】25下半年-资料分析第十讲随堂笔记.pdf」，点击链接即可保存。打开「夸克APP」在线查看，支持多种文档格式转换。
链接：https://pan.quark.cn/s/40d282eae632",,2026-03-11 10:52
成功,../随堂笔记,【四海】25下半年-资料分析第四讲随堂笔记.pdf,"我用夸克网盘分享了「【四海】25下半年-资料分析第四讲随堂笔记.pdf」，点击链接即可保存。打开「夸克APP」在线查看，支持多种文档格式转换。
链接：https://pan.quark.cn/s/ed0bb504b87c",,2026-03-11 10:52
成功,../随堂笔记,【四海】25下半年-资料分析第三讲随堂笔记.pdf,"我用夸克网盘分享了「【四海】25下半年-资料分析第三讲随堂笔记.pdf」，点击链接即可保存。打开「夸克APP」在线查看，支持多种文档格式转换。
链接：https://pan.quark.cn/s/5fbfdd1748b7",,2026-03-11 10:52
成功,../随堂笔记,【四海】25下半年-资料分析第五讲随堂笔记.pdf,"我用夸克网盘分享了「【四海】25下半年-资料分析第五讲随堂笔记.pdf」，点击链接即可保存。打开「夸克APP」在线查看，支持多种文档格式转换。
链接：https://pan.quark.cn/s/4179a5fd7058",,2026-03-11 10:52
成功,../随堂笔记,【四海】25下半年-资料分析第一讲随堂笔记.pdf,"我用夸克网盘分享了「【四海】25下半年-资料分析第一讲随堂笔记.pdf」，点击链接即可保存。打开「夸克APP」在线查看，支持多种文档格式转换。
链接：https://pan.quark.cn/s/464e4210a5d1",,2026-03-11 10:52
成功,../随堂笔记,【四海】25下半年-资料分析总结随堂笔记.pdf,"我用夸克网盘分享了「【四海】25下半年-资料分析总结随堂笔记.pdf」，点击链接即可保存。打开「夸克APP」在线查看，支持多种文档格式转换。
链接：https://pan.quark.cn/s/a3d34d49ccff",,2026-03-11 10:52
